
/*!40101 SET @OLD_CHARACTER_SET_CLIENT=@@CHARACTER_SET_CLIENT */;
/*!40101 SET @OLD_CHARACTER_SET_RESULTS=@@CHARACTER_SET_RESULTS */;
/*!40101 SET @OLD_COLLATION_CONNECTION=@@COLLATION_CONNECTION */;
/*!50503 SET NAMES utf8mb4 */;
/*!40103 SET @OLD_TIME_ZONE=@@TIME_ZONE */;
/*!40103 SET TIME_ZONE='+00:00' */;
/*!40014 SET @OLD_UNIQUE_CHECKS=@@UNIQUE_CHECKS, UNIQUE_CHECKS=0 */;
/*!40014 SET @OLD_FOREIGN_KEY_CHECKS=@@FOREIGN_KEY_CHECKS, FOREIGN_KEY_CHECKS=0 */;
/*!40101 SET @OLD_SQL_MODE=@@SQL_MODE, SQL_MODE='NO_AUTO_VALUE_ON_ZERO' */;
/*!40111 SET @OLD_SQL_NOTES=@@SQL_NOTES, SQL_NOTES=0 */;
DROP TABLE IF EXISTS `admins`;
/*!40101 SET @saved_cs_client     = @@character_set_client */;
/*!50503 SET character_set_client = utf8mb4 */;
CREATE TABLE `admins` (
  `id` bigint(20) unsigned NOT NULL AUTO_INCREMENT,
  `name` varchar(255) NOT NULL,
  `email` varchar(255) NOT NULL,
  `password` varchar(255) NOT NULL,
  `photo` varchar(255) DEFAULT NULL,
  `phone` varchar(255) DEFAULT NULL,
  `address` varchar(255) NOT NULL,
  `dob` date DEFAULT NULL,
  `departmentId` int(11) DEFAULT NULL,
  `role` int(11) NOT NULL,
  `status` int(11) NOT NULL,
  `created_at` timestamp NULL DEFAULT NULL,
  `updated_at` timestamp NULL DEFAULT NULL,
  PRIMARY KEY (`id`),
  UNIQUE KEY `admins_email_unique` (`email`)
) ENGINE=InnoDB AUTO_INCREMENT=2 DEFAULT CHARSET=utf8mb4 COLLATE=utf8mb4_unicode_ci;
/*!40101 SET character_set_client = @saved_cs_client */;

LOCK TABLES `admins` WRITE;
/*!40000 ALTER TABLE `admins` DISABLE KEYS */;
INSERT INTO `admins` VALUES (1,'samim','samim@gmail.com','$2y$10$wKC61DMpRiv/YPTV9QPcPeaeYbYU899vQ62kYOzGELXGQ8PDBTGTa',NULL,NULL,'Dhaka',NULL,NULL,1,1,NULL,NULL);
/*!40000 ALTER TABLE `admins` ENABLE KEYS */;
UNLOCK TABLES;
DROP TABLE IF EXISTS `carts`;
/*!40101 SET @saved_cs_client     = @@character_set_client */;
/*!50503 SET character_set_client = utf8mb4 */;
CREATE TABLE `carts` (
  `id` bigint(20) unsigned NOT NULL AUTO_INCREMENT,
  `reg` bigint(20) unsigned NOT NULL,
  `date` date NOT NULL,
  `userId` int(11) NOT NULL,
  `foodId` int(11) NOT NULL,
  `quantity` int(11) NOT NULL DEFAULT 1,
  `price` int(10) unsigned NOT NULL,
  `created_at` timestamp NULL DEFAULT NULL,
  `updated_at` timestamp NULL DEFAULT NULL,
  PRIMARY KEY (`id`)
) ENGINE=InnoDB AUTO_INCREMENT=324 DEFAULT CHARSET=utf8mb4 COLLATE=utf8mb4_unicode_ci;
/*!40101 SET character_set_client = @saved_cs_client */;

LOCK TABLES `carts` WRITE;
/*!40000 ALTER TABLE `carts` DISABLE KEYS */;
INSERT INTO `carts` VALUES (28,2025061711,'2025-06-17',1,6,1,450,'2025-06-16 22:18:19','2025-06-16 22:18:19'),(29,2025061711,'2025-06-17',1,7,2,850,'2025-06-16 22:18:20','2025-06-16 22:18:23'),(30,2025061711,'2025-06-17',1,9,2,180,'2025-06-16 22:18:21','2025-06-16 22:18:23'),(31,2025061712,'2025-06-17',1,7,3,850,'2025-06-16 22:19:19','2025-06-16 22:19:21'),(32,2025061713,'2025-06-17',1,9,1,180,'2025-06-16 22:33:42','2025-06-16 22:33:42'),(33,2025061713,'2025-06-17',1,12,2,320,'2025-06-16 22:33:43','2025-06-16 22:33:46'),(34,2025061714,'2025-06-17',1,9,2,180,'2025-06-16 22:34:25','2025-06-16 22:34:27'),(35,2025061714,'2025-06-17',1,6,1,450,'2025-06-16 22:34:26','2025-06-16 22:34:26'),(36,2025061715,'2025-06-17',1,13,1,180,'2025-06-16 22:34:31','2025-06-16 22:34:31'),(50,2025061716,'2025-06-17',1,6,1,450,'2025-06-17 00:44:01','2025-06-17 00:55:30'),(51,2025061716,'2025-06-17',1,7,1,850,'2025-06-17 00:44:02','2025-06-17 01:09:09'),(52,2025061716,'2025-06-17',1,12,1,320,'2025-06-17 00:52:18','2025-06-17 01:09:09'),(53,2025061816,'2025-06-18',1,8,4,450,'2025-06-17 18:04:27','2025-06-17 18:49:17'),(54,2025061816,'2025-06-18',1,9,4,180,'2025-06-17 18:04:29','2025-06-17 18:49:19'),(66,2025061817,'2025-06-18',1,8,3,450,'2025-06-17 18:59:54','2025-06-17 18:59:57'),(90,2025061818,'2025-06-18',1,6,6,450,'2025-06-17 21:08:45','2025-06-17 21:08:49'),(91,2025061819,'2025-06-18',1,6,2,450,'2025-06-17 21:28:51','2025-06-17 21:28:55'),(92,2025061819,'2025-06-18',1,11,2,230,'2025-06-17 21:28:52','2025-06-17 21:28:55'),(93,20250618110,'2025-06-18',1,8,3,450,'2025-06-17 21:39:10','2025-06-17 21:39:15'),(94,20250618110,'2025-06-18',1,9,3,180,'2025-06-17 21:39:11','2025-06-17 21:39:14'),(95,20250618110,'2025-06-18',1,7,3,850,'2025-06-17 21:39:12','2025-06-17 21:39:16'),(96,20250618111,'2025-06-18',1,7,3,850,'2025-06-17 21:58:01','2025-06-17 21:58:04'),(97,20250618111,'2025-06-18',1,11,3,230,'2025-06-17 21:58:02','2025-06-17 21:58:05'),(98,20250618112,'2025-06-18',1,6,1,450,'2025-06-17 21:58:24','2025-06-17 21:58:24'),(99,20250618112,'2025-06-18',1,9,1,180,'2025-06-17 21:58:33','2025-06-17 21:58:33'),(100,20250618113,'2025-06-18',1,6,3,450,'2025-06-17 22:13:04','2025-06-17 22:13:50'),(101,20250618113,'2025-06-18',1,9,2,180,'2025-06-17 22:13:44','2025-06-17 22:13:49'),(102,20250618113,'2025-06-18',1,7,2,850,'2025-06-17 22:13:45','2025-06-17 22:13:49'),(103,20250619114,'2025-06-19',1,8,2,450,'2025-06-18 16:05:20','2025-06-18 16:05:26'),(104,20250619114,'2025-06-19',1,11,2,230,'2025-06-18 16:05:21','2025-06-18 16:05:25'),(105,20250619114,'2025-06-19',1,12,3,320,'2025-06-18 16:05:22','2025-06-18 16:05:27'),(106,20250619115,'2025-06-19',1,7,1,850,'2025-06-18 16:05:30','2025-06-18 16:05:30'),(107,20250619115,'2025-06-19',1,6,2,450,'2025-06-18 16:05:30','2025-06-18 16:05:35'),(108,20250619116,'2025-06-19',1,8,1,450,'2025-06-18 16:52:22','2025-06-18 16:52:22'),(109,20250619116,'2025-06-19',1,9,3,180,'2025-06-18 16:52:23','2025-06-18 17:59:23'),(110,20250619116,'2025-06-19',1,7,3,850,'2025-06-18 17:59:21','2025-06-18 17:59:24'),(111,20250619116,'2025-06-19',1,6,1,450,'2025-06-18 17:59:22','2025-06-18 17:59:22'),(112,20250619117,'2025-06-19',1,7,1,850,'2025-06-18 18:35:32','2025-06-18 18:35:32'),(113,20250619117,'2025-06-19',1,8,1,450,'2025-06-18 18:35:34','2025-06-18 18:35:34'),(114,20250619117,'2025-06-19',1,9,1,180,'2025-06-18 18:35:34','2025-06-18 18:35:34'),(115,20250619218,'2025-06-19',2,8,1,450,'2025-06-18 21:18:04','2025-06-18 21:18:04'),(116,20250619218,'2025-06-19',2,11,2,230,'2025-06-18 21:18:05','2025-06-18 21:18:09'),(117,20250619218,'2025-06-19',2,7,1,850,'2025-06-18 21:18:06','2025-06-18 21:18:06'),(118,20250619218,'2025-06-19',2,6,2,450,'2025-06-18 21:18:07','2025-06-18 21:18:09'),(119,20250619219,'2025-06-19',2,8,2,450,'2025-06-18 22:12:48','2025-06-18 22:12:52'),(120,20250619219,'2025-06-19',2,6,2,450,'2025-06-18 22:12:49','2025-06-18 22:12:51'),(121,20250619220,'2025-06-19',2,12,2,320,'2025-06-18 22:12:54','2025-06-18 22:12:58'),(122,20250619220,'2025-06-19',2,13,1,180,'2025-06-18 22:12:55','2025-06-18 22:12:55'),(123,20250619221,'2025-06-19',2,8,4,450,'2025-06-18 23:39:05','2025-06-18 23:39:10'),(124,20250619221,'2025-06-19',2,6,4,450,'2025-06-18 23:39:06','2025-06-18 23:39:11'),(125,20250619221,'2025-06-19',2,7,4,850,'2025-06-18 23:39:07','2025-06-18 23:39:12'),(126,20250619221,'2025-06-19',2,11,4,230,'2025-06-18 23:39:08','2025-06-18 23:39:13'),(127,20250619222,'2025-06-19',2,7,3,850,'2025-06-19 00:15:32','2025-06-19 00:15:35'),(128,20250619222,'2025-06-19',2,6,3,450,'2025-06-19 00:15:33','2025-06-19 00:15:36'),(129,20250619223,'2025-06-19',2,8,1,450,'2025-06-19 01:16:52','2025-06-19 01:16:52'),(130,20250619223,'2025-06-19',2,9,1,180,'2025-06-19 01:16:53','2025-06-19 01:16:53'),(131,20250622124,'2025-06-22',1,9,3,180,'2025-06-21 19:02:29','2025-06-21 19:02:35'),(132,20250622124,'2025-06-22',1,11,3,230,'2025-06-21 19:02:30','2025-06-21 19:02:33'),(133,20250622124,'2025-06-22',1,13,3,180,'2025-06-21 19:02:31','2025-06-21 19:02:34'),(134,20250622124,'2025-06-22',1,6,3,450,'2025-06-21 19:02:32','2025-06-21 19:02:34'),(135,20250622125,'2025-06-22',1,7,1,850,'2025-06-21 19:06:15','2025-06-21 19:06:15'),(136,20250622126,'2025-06-22',1,8,1,450,'2025-06-21 19:08:03','2025-06-21 19:08:03'),(137,20250622126,'2025-06-22',1,9,1,180,'2025-06-21 19:08:05','2025-06-21 19:08:05'),(138,20250622127,'2025-06-22',1,7,1,850,'2025-06-21 19:56:07','2025-06-21 19:56:07'),(139,20250622127,'2025-06-22',1,6,1,450,'2025-06-21 19:56:08','2025-06-21 19:56:08'),(140,20250622128,'2025-06-22',1,6,1,450,'2025-06-21 20:01:50','2025-06-21 20:01:50'),(141,20250622128,'2025-06-22',1,7,1,850,'2025-06-21 20:01:50','2025-06-21 20:01:50'),(142,20250622129,'2025-06-22',1,8,1,450,'2025-06-21 20:04:45','2025-06-21 20:04:45'),(143,20250622130,'2025-06-22',1,7,1,850,'2025-06-21 20:05:08','2025-06-21 20:05:08'),(144,20250622131,'2025-06-22',1,7,1,850,'2025-06-21 20:12:09','2025-06-21 20:12:09'),(145,20250622131,'2025-06-22',1,8,1,450,'2025-06-21 20:12:10','2025-06-21 20:12:10'),(146,20250622132,'2025-06-22',1,7,1,850,'2025-06-21 20:26:51','2025-06-21 20:26:51'),(147,20250622133,'2025-06-22',1,7,1,850,'2025-06-21 21:04:06','2025-06-21 21:04:06'),(148,20250622133,'2025-06-22',1,11,1,230,'2025-06-21 21:04:16','2025-06-21 21:04:16'),(149,20250622134,'2025-06-22',1,6,1,450,'2025-06-21 21:04:35','2025-06-21 21:04:35'),(150,20250622134,'2025-06-22',1,9,1,180,'2025-06-21 21:04:36','2025-06-21 21:04:36'),(151,20250622134,'2025-06-22',1,13,1,180,'2025-06-21 21:04:37','2025-06-21 21:04:37'),(152,20250622135,'2025-06-22',1,8,1,450,'2025-06-21 21:04:40','2025-06-21 21:04:40'),(153,20250622135,'2025-06-22',1,6,1,450,'2025-06-21 21:04:41','2025-06-21 21:04:41'),(154,20250622135,'2025-06-22',1,12,1,320,'2025-06-21 21:04:41','2025-06-21 21:04:41'),(155,20250622135,'2025-06-22',1,13,1,180,'2025-06-21 21:04:42','2025-06-21 21:04:42'),(156,20250622136,'2025-06-22',1,11,1,230,'2025-06-21 21:04:47','2025-06-21 21:04:47'),(157,20250622136,'2025-06-22',1,6,1,450,'2025-06-21 21:04:47','2025-06-21 21:04:47'),(158,20250622136,'2025-06-22',1,7,1,850,'2025-06-21 21:04:48','2025-06-21 21:04:48'),(159,20250622137,'2025-06-22',1,13,1,180,'2025-06-21 21:04:52','2025-06-21 21:04:52'),(160,20250622137,'2025-06-22',1,12,1,320,'2025-06-21 21:04:52','2025-06-21 21:04:52'),(161,20250622138,'2025-06-22',1,13,1,180,'2025-06-21 21:04:55','2025-06-21 21:04:55'),(162,20250622138,'2025-06-22',1,12,1,320,'2025-06-21 21:04:56','2025-06-21 21:04:56'),(163,20250622139,'2025-06-22',1,8,2,450,'2025-06-21 21:25:46','2025-06-21 21:25:57'),(164,20250622139,'2025-06-22',1,9,2,180,'2025-06-21 21:25:48','2025-06-21 21:25:57'),(165,20250622139,'2025-06-22',1,6,2,450,'2025-06-21 21:25:50','2025-06-21 21:25:59'),(169,20250622140,'2025-06-22',1,13,3,180,'2025-06-21 21:53:44','2025-06-21 21:54:03'),(170,20250622140,'2025-06-22',1,12,3,320,'2025-06-21 21:53:46','2025-06-21 21:54:04'),(181,20250622141,'2025-06-22',1,13,3,180,'2025-06-21 22:21:53','2025-06-21 22:22:00'),(182,20250622141,'2025-06-22',1,12,3,320,'2025-06-21 22:21:54','2025-06-21 22:22:00'),(184,20250622142,'2025-06-22',1,9,1,180,'2025-06-22 00:18:19','2025-06-22 00:18:19'),(185,20250622142,'2025-06-22',1,13,1,180,'2025-06-22 00:23:18','2025-06-22 00:23:18'),(186,20250622142,'2025-06-22',1,12,1,320,'2025-06-22 00:24:13','2025-06-22 00:24:13'),(188,20250622143,'2025-06-22',1,13,1,180,'2025-06-22 00:25:18','2025-06-22 00:25:18'),(189,20250622144,'2025-06-22',1,13,2,180,'2025-06-22 00:34:43','2025-06-22 00:35:09'),(190,20250622144,'2025-06-22',1,11,2,230,'2025-06-22 00:35:02','2025-06-22 00:35:08'),(200,20250623145,'2025-06-23',1,13,1,180,'2025-06-22 17:20:12','2025-06-22 17:20:12'),(201,20250623145,'2025-06-23',1,12,1,320,'2025-06-22 17:20:14','2025-06-22 17:20:14'),(245,20250623146,'2025-06-23',1,13,1,180,'2025-06-22 21:33:08','2025-06-22 21:33:08'),(246,20250623146,'2025-06-23',1,12,1,320,'2025-06-22 21:33:10','2025-06-22 21:33:10'),(251,20250623147,'2025-06-23',1,13,1,180,'2025-06-22 21:51:59','2025-06-23 01:13:18'),(253,20250623148,'2025-06-23',1,13,1,180,'2025-06-22 21:54:23','2025-06-22 21:54:23'),(254,20250623148,'2025-06-23',1,12,1,320,'2025-06-22 21:54:27','2025-06-22 21:54:27'),(255,20250623148,'2025-06-23',1,9,1,180,'2025-06-22 21:54:47','2025-06-22 21:54:47'),(256,20250623149,'2025-06-23',1,7,1,850,'2025-06-22 21:57:52','2025-06-22 21:57:52'),(257,20250623149,'2025-06-23',1,8,1,450,'2025-06-22 21:58:02','2025-06-22 21:58:02'),(267,20250623147,'2025-06-23',1,11,1,230,'2025-06-22 23:52:56','2025-06-23 01:13:12'),(272,20250623147,'2025-06-23',1,9,1,180,'2025-06-22 23:56:09','2025-06-23 01:13:23'),(273,20250623147,'2025-06-23',1,8,1,450,'2025-06-23 01:13:31','2025-06-23 01:13:31'),(274,20250623150,'2025-06-23',1,13,1,180,'2025-06-23 01:21:19','2025-06-23 01:21:19'),(275,20250623150,'2025-06-23',1,12,1,320,'2025-06-23 01:21:20','2025-06-23 01:21:20'),(276,20250623150,'2025-06-23',1,11,1,230,'2025-06-23 01:21:22','2025-06-23 01:21:22'),(277,20250623148,'2025-06-23',1,6,1,450,'2025-06-23 01:23:14','2025-06-23 01:23:14'),(278,20250623148,'2025-06-23',1,7,1,850,'2025-06-23 01:23:15','2025-06-23 01:23:15'),(279,20250623148,'2025-06-23',1,8,1,450,'2025-06-23 01:23:16','2025-06-23 01:23:16'),(280,20250623148,'2025-06-23',1,11,1,230,'2025-06-23 01:23:18','2025-06-23 01:23:18'),(281,20250624151,'2025-06-24',1,9,2,180,'2025-06-23 16:22:16','2025-06-23 16:28:20'),(282,20250624151,'2025-06-24',1,13,2,180,'2025-06-23 16:22:17','2025-06-23 16:27:40'),(283,20250624152,'2025-06-24',1,13,3,180,'2025-06-23 16:28:30','2025-06-23 16:28:42'),(284,20250624152,'2025-06-24',1,9,3,180,'2025-06-23 16:28:31','2025-06-23 16:28:35'),(285,20250624153,'2025-06-24',1,9,1,180,'2025-06-23 16:30:51','2025-06-23 16:30:51'),(286,20250624153,'2025-06-24',1,12,1,320,'2025-06-23 16:31:33','2025-06-23 16:31:33'),(287,20250624154,'2025-06-24',1,8,1,450,'2025-06-23 16:32:30','2025-06-23 16:32:30'),(288,20250624154,'2025-06-24',1,9,1,180,'2025-06-23 16:32:31','2025-06-23 16:32:31'),(289,20250624154,'2025-06-24',1,11,1,230,'2025-06-23 16:32:33','2025-06-23 16:32:33'),(291,20250624155,'2025-06-24',1,8,1,450,'2025-06-23 19:43:12','2025-06-23 19:43:12'),(292,20250624156,'2025-06-24',1,7,1,850,'2025-06-23 19:52:58','2025-06-23 19:52:58'),(293,20250624156,'2025-06-24',1,13,1,180,'2025-06-23 19:53:00','2025-06-23 19:53:00'),(294,20250624157,'2025-06-24',1,9,3,180,'2025-06-24 06:59:14','2025-06-24 06:59:17'),(295,20250624157,'2025-06-24',1,7,1,850,'2025-06-24 07:00:17','2025-06-24 07:00:17'),(296,20250624157,'2025-06-24',1,8,1,450,'2025-06-24 07:00:18','2025-06-24 07:00:18'),(297,20250624157,'2025-06-24',1,12,1,320,'2025-06-24 07:00:20','2025-06-24 07:00:20'),(298,20250624157,'2025-06-24',1,13,1,180,'2025-06-24 07:00:21','2025-06-24 07:00:21'),(299,20250625158,'2025-06-25',1,8,1,450,'2025-06-24 23:56:59','2025-06-24 23:56:59'),(300,20250625158,'2025-06-25',1,9,1,180,'2025-06-24 23:57:01','2025-06-24 23:57:01'),(301,20250625158,'2025-06-25',1,12,1,320,'2025-06-24 23:58:08','2025-06-24 23:58:08'),(302,20250625158,'2025-06-25',1,11,1,230,'2025-06-24 23:58:09','2025-06-24 23:58:09'),(303,20250625159,'2025-06-25',1,9,1,180,'2025-06-25 00:11:51','2025-06-25 00:11:51'),(308,20250625162,'2025-06-25',1,12,1,320,'2025-06-25 00:24:43','2025-06-25 00:24:43'),(311,20250625163,'2025-06-25',1,9,1,180,'2025-06-25 03:09:26','2025-06-25 03:09:26'),(312,20250625163,'2025-06-25',1,12,1,320,'2025-06-25 03:09:29','2025-06-25 03:09:29'),(313,20250625163,'2025-06-25',1,7,1,850,'2025-06-25 03:09:33','2025-06-25 03:09:33'),(314,20250625163,'2025-06-25',1,6,1,450,'2025-06-25 03:09:35','2025-06-25 03:09:35');
/*!40000 ALTER TABLE `carts` ENABLE KEYS */;
UNLOCK TABLES;
DROP TABLE IF EXISTS `failed_jobs`;
/*!40101 SET @saved_cs_client     = @@character_set_client */;
/*!50503 SET character_set_client = utf8mb4 */;
CREATE TABLE `failed_jobs` (
  `id` bigint(20) unsigned NOT NULL AUTO_INCREMENT,
  `uuid` varchar(255) NOT NULL,
  `connection` text NOT NULL,
  `queue` text NOT NULL,
  `payload` longtext NOT NULL,
  `exception` longtext NOT NULL,
  `failed_at` timestamp NOT NULL DEFAULT current_timestamp(),
  PRIMARY KEY (`id`),
  UNIQUE KEY `failed_jobs_uuid_unique` (`uuid`)
) ENGINE=InnoDB DEFAULT CHARSET=utf8mb4 COLLATE=utf8mb4_unicode_ci;
/*!40101 SET character_set_client = @saved_cs_client */;

LOCK TABLES `failed_jobs` WRITE;
/*!40000 ALTER TABLE `failed_jobs` DISABLE KEYS */;
/*!40000 ALTER TABLE `failed_jobs` ENABLE KEYS */;
UNLOCK TABLES;
DROP TABLE IF EXISTS `food`;
/*!40101 SET @saved_cs_client     = @@character_set_client */;
/*!50503 SET character_set_client = utf8mb4 */;
CREATE TABLE `food` (
  `id` bigint(20) unsigned NOT NULL AUTO_INCREMENT,
  `name` varchar(255) NOT NULL,
  `price` int(11) NOT NULL,
  `category` varchar(255) NOT NULL,
  `stock` int(11) NOT NULL,
  `status` int(11) NOT NULL,
  `image` varchar(255) NOT NULL,
  `ingredients` varchar(255) NOT NULL,
  `remark` varchar(255) NOT NULL,
  `created_at` timestamp NULL DEFAULT NULL,
  `updated_at` timestamp NULL DEFAULT NULL,
  PRIMARY KEY (`id`)
) ENGINE=InnoDB AUTO_INCREMENT=14 DEFAULT CHARSET=utf8mb4 COLLATE=utf8mb4_unicode_ci;
/*!40101 SET character_set_client = @saved_cs_client */;

LOCK TABLES `food` WRITE;
/*!40000 ALTER TABLE `food` DISABLE KEYS */;
INSERT INTO `food` VALUES (6,'Butter Chicken',450,'main',12,1,'food-1749884892.jpg','Chicken, butter, tomato, cream, spices.','Tender chicken cooked in a creamy tomato-based sauce.','2025-06-13 17:30:24','2025-06-25 03:40:35'),(7,'Paneer Tikka Masala',850,'main',11,1,'food-1749879095.jpg','Paneer, yogurt, tomato puree, onion, masala.','Grilled paneer cubes in a spicy tikka masala sauce.','2025-06-13 17:31:35','2025-06-25 03:42:47'),(8,'Grilled Salmon',450,'main',13,1,'food-1749879251.jpg','Salmon, garlic, lemon, herbs, olive oil.','Fresh salmon grilled with herbs and lemon.','2025-06-13 17:34:11','2025-06-25 02:52:44'),(9,'Chicken Wings',180,'starter',25,1,'food-1749880468.jpg','Chicken wings, flour, chili powder, garlic, butter, vinegar.','Spicy and crispy deep-fried chicken wings served with hot sauce.','2025-06-13 17:54:28','2025-06-25 03:40:35'),(11,'Vegetable Spring Rolls',230,'starter',19,1,'food-1749885187.jpg','Carrot, cabbage, onion, noodles, flour wrap, soy sauce.','Crispy rolls stuffed with vegetables and noodles.','2025-06-13 19:13:07','2025-06-25 03:42:47'),(12,'Nachos',320,'starter',11,1,'food-1749896193.jpg','Corn tortilla chips, cheddar cheese, jalapeños, salsa, sour cream.','Crispy tortilla chips topped with melted cheese and toppings.','2025-06-13 22:16:33','2025-06-25 03:42:47'),(13,'Garlic Bread',180,'starter',12,1,'food-1749896253.jpg','Baguette, butter, garlic, parsley, olive oil.','Toasted bread topped with garlic butter and herbs.','2025-06-13 22:17:33','2025-06-25 03:43:14');
/*!40000 ALTER TABLE `food` ENABLE KEYS */;
UNLOCK TABLES;
DROP TABLE IF EXISTS `migrations`;
/*!40101 SET @saved_cs_client     = @@character_set_client */;
/*!50503 SET character_set_client = utf8mb4 */;
CREATE TABLE `migrations` (
  `id` int(10) unsigned NOT NULL AUTO_INCREMENT,
  `migration` varchar(255) NOT NULL,
  `batch` int(11) NOT NULL,
  PRIMARY KEY (`id`)
) ENGINE=InnoDB AUTO_INCREMENT=38 DEFAULT CHARSET=utf8mb4 COLLATE=utf8mb4_unicode_ci;
/*!40101 SET character_set_client = @saved_cs_client */;

LOCK TABLES `migrations` WRITE;
/*!40000 ALTER TABLE `migrations` DISABLE KEYS */;
INSERT INTO `migrations` VALUES (29,'2014_10_12_000000_create_users_table',1),(30,'2014_10_12_100000_create_password_resets_table',1),(31,'2019_08_19_000000_create_failed_jobs_table',1),(32,'2019_12_14_000001_create_personal_access_tokens_table',1),(33,'2025_06_13_084624_create_tables_table',1),(34,'2025_06_13_120026_create_food_table',1),(35,'2025_06_14_115756_create_admins_table',1),(36,'2025_06_14_122619_create_orders_table',1),(37,'2025_06_15_044735_create_carts_table',1);
/*!40000 ALTER TABLE `migrations` ENABLE KEYS */;
UNLOCK TABLES;
DROP TABLE IF EXISTS `orders`;
/*!40101 SET @saved_cs_client     = @@character_set_client */;
/*!50503 SET character_set_client = utf8mb4 */;
CREATE TABLE `orders` (
  `id` bigint(20) unsigned NOT NULL AUTO_INCREMENT,
  `date` date NOT NULL,
  `reg` bigint(20) unsigned NOT NULL,
  `tableId` bigint(20) unsigned NOT NULL,
  `total` int(10) unsigned DEFAULT NULL,
  `discount` int(10) unsigned DEFAULT NULL,
  `payable` int(10) unsigned DEFAULT NULL,
  `pay` int(10) unsigned DEFAULT NULL,
  `due` int(10) unsigned DEFAULT NULL,
  `kitchen` int(10) unsigned NOT NULL DEFAULT 0,
  `status` int(11) NOT NULL DEFAULT 0,
  `created_at` timestamp NULL DEFAULT NULL,
  `updated_at` timestamp NULL DEFAULT NULL,
  PRIMARY KEY (`id`)
) ENGINE=InnoDB AUTO_INCREMENT=116 DEFAULT CHARSET=utf8mb4 COLLATE=utf8mb4_unicode_ci;
/*!40101 SET character_set_client = @saved_cs_client */;

LOCK TABLES `orders` WRITE;
/*!40000 ALTER TABLE `orders` DISABLE KEYS */;
INSERT INTO `orders` VALUES (21,'2025-06-17',2025061711,8,2510,10,2500,2500,0,4,2,'2025-06-16 22:18:25','2025-06-25 00:27:21'),(22,'2025-06-17',2025061712,9,2550,50,2500,2500,0,4,2,'2025-06-16 22:19:23','2025-06-25 00:27:44'),(23,'2025-06-17',2025061713,10,820,20,800,800,0,4,2,'2025-06-16 22:33:48','2025-06-17 18:50:09'),(24,'2025-06-17',2025061714,5,810,10,800,800,0,4,2,'2025-06-16 22:34:29','2025-06-16 22:58:41'),(25,'2025-06-17',2025061715,14,180,0,180,180,0,4,2,'2025-06-16 22:34:35','2025-06-17 18:50:13'),(26,'2025-06-18',2025061816,4,2520,20,2500,2500,0,4,2,'2025-06-17 18:49:22','2025-06-17 18:49:46'),(27,'2025-06-18',2025061817,5,1350,0,1350,1350,0,4,2,'2025-06-17 19:00:03','2025-06-17 21:08:10'),(28,'2025-06-18',2025061818,8,2700,0,2700,2700,0,4,2,'2025-06-17 21:08:50','2025-06-17 21:09:05'),(29,'2025-06-18',2025061819,11,1360,0,1360,1360,0,4,2,'2025-06-17 21:28:57','2025-06-17 21:31:31'),(30,'2025-06-18',20250618110,7,4440,240,4200,4200,0,4,2,'2025-06-17 21:39:18','2025-06-18 16:09:33'),(31,'2025-06-18',20250618111,5,3240,0,3240,3240,0,4,2,'2025-06-17 21:58:07','2025-06-18 16:06:25'),(32,'2025-06-18',20250618112,8,630,30,600,600,0,4,2,'2025-06-17 21:58:37','2025-06-18 16:06:11'),(33,'2025-06-18',20250618113,12,3410,0,3410,3410,0,4,2,'2025-06-17 22:13:52','2025-06-18 16:06:20'),(34,'2025-06-19',20250619114,7,2320,40,2280,2280,0,4,2,'2025-06-18 16:05:28','2025-06-25 00:27:31'),(35,'2025-06-19',20250619115,11,1750,50,1700,1700,0,4,2,'2025-06-18 16:05:35','2025-06-18 17:56:49'),(36,'2025-06-19',20250619116,8,3990,490,3500,3500,0,4,2,'2025-06-18 17:59:28','2025-06-18 18:03:39'),(38,'2025-06-19',20250619117,3,1480,0,1480,1480,0,4,2,'2025-06-18 18:35:38','2025-06-19 00:14:46'),(39,'2025-06-19',20250619218,7,2660,0,2660,2660,0,4,2,'2025-06-18 21:18:11','2025-06-18 22:12:38'),(40,'2025-06-19',20250619219,5,1800,0,1800,1800,0,4,2,'2025-06-18 22:12:53','2025-06-21 19:03:06'),(41,'2025-06-19',20250619220,4,820,0,820,820,0,4,2,'2025-06-18 22:12:59','2025-06-18 23:10:40'),(42,'2025-06-19',20250619221,3,7920,0,7920,7920,0,4,2,'2025-06-18 23:39:14','2025-06-19 00:13:53'),(43,'2025-06-19',20250619222,11,3900,0,3900,3900,0,4,2,'2025-06-19 00:15:37','2025-06-21 19:02:05'),(44,'2025-06-19',20250619223,5,630,0,630,630,0,4,2,'2025-06-19 01:16:56','2025-06-21 19:02:50'),(45,'2025-06-22',20250622124,7,3120,20,3100,3100,0,4,2,'2025-06-21 19:02:37','2025-06-21 19:02:58'),(46,'2025-06-22',20250622125,5,850,0,850,850,0,4,2,'2025-06-21 19:06:17','2025-06-21 19:06:28'),(47,'2025-06-22',20250622126,11,630,0,630,630,0,4,2,'2025-06-21 19:08:07','2025-06-21 19:09:44'),(48,'2025-06-22',20250622127,7,1300,0,1300,1300,0,4,2,'2025-06-21 19:56:10','2025-06-21 19:56:16'),(49,'2025-06-22',20250622128,5,1300,0,1300,1300,0,4,2,'2025-06-21 20:01:52','2025-06-21 20:05:31'),(50,'2025-06-22',20250622129,7,450,0,450,450,0,4,2,'2025-06-21 20:04:48','2025-06-21 20:05:24'),(51,'2025-06-22',20250622130,7,850,0,850,850,0,4,2,'2025-06-21 20:05:11','2025-06-21 20:05:17'),(52,'2025-06-22',20250622131,4,1300,0,1300,1300,0,4,2,'2025-06-21 20:12:12','2025-06-21 20:12:16'),(53,'2025-06-22',20250622132,3,850,0,850,850,0,4,2,'2025-06-21 20:26:53','2025-06-23 01:22:06'),(54,'2025-06-22',20250622133,10,1080,0,1080,1080,0,4,2,'2025-06-21 21:04:33','2025-06-22 00:35:37'),(55,'2025-06-22',20250622134,12,810,10,800,800,0,4,2,'2025-06-21 21:04:39','2025-06-21 22:22:40'),(56,'2025-06-22',20250622135,7,1400,0,1400,1400,0,4,2,'2025-06-21 21:04:45','2025-06-21 22:22:33'),(57,'2025-06-22',20250622136,8,1530,0,1530,1530,0,4,2,'2025-06-21 21:04:51','2025-06-22 00:24:56'),(58,'2025-06-22',20250622137,5,500,0,500,500,0,4,2,'2025-06-21 21:04:55','2025-06-22 00:24:33'),(59,'2025-06-22',20250622138,13,500,0,500,500,0,4,2,'2025-06-21 21:04:59','2025-06-21 22:22:25'),(60,'2025-06-22',20250622139,14,2160,60,2100,2100,0,4,2,'2025-06-21 21:26:05','2025-06-21 21:26:25'),(61,'2025-06-22',20250622140,11,1500,0,1500,1500,0,4,2,'2025-06-21 21:54:13','2025-06-21 22:22:18'),(62,'2025-06-22',20250622141,4,1500,0,1500,1500,0,4,2,'2025-06-21 22:22:01','2025-06-25 00:28:09'),(63,'2025-06-22',20250622142,15,680,0,680,680,0,4,2,'2025-06-22 00:24:27','2025-06-22 00:24:49'),(64,'2025-06-22',20250622143,5,180,0,180,180,0,4,2,'2025-06-22 00:33:38','2025-06-22 00:35:27'),(65,'2025-06-22',20250622144,13,820,0,820,820,0,4,2,'2025-06-22 00:35:10','2025-06-22 00:35:21'),(69,'2025-06-23',20250623145,8,500,0,500,500,0,4,2,'2025-06-22 17:20:17','2025-06-22 17:23:38'),(90,'2025-06-23',20250623146,1,500,0,500,500,0,4,2,'2025-06-22 21:33:14','2025-06-22 21:49:00'),(93,'2025-06-23',20250623147,8,1040,40,1000,1000,0,4,2,'2025-06-22 21:52:03','2025-06-23 01:22:19'),(94,'2025-06-23',20250623148,7,680,80,600,600,0,4,2,'2025-06-22 21:57:51','2025-06-23 16:29:33'),(95,'2025-06-23',20250623149,10,1300,0,1300,1300,0,4,2,'2025-06-22 21:58:13','2025-06-23 16:29:18'),(96,'2025-06-23',20250623150,5,180,0,180,180,0,4,2,'2025-06-23 01:21:27','2025-06-25 00:28:34'),(97,'2025-06-24',20250624151,3,720,0,720,700,20,4,3,'2025-06-23 16:28:22','2025-06-25 00:29:09'),(98,'2025-06-24',20250624152,8,1080,0,1080,1000,80,4,3,'2025-06-23 16:29:06','2025-06-25 00:28:28'),(99,'2025-06-24',20250624153,10,500,0,500,500,0,4,2,'2025-06-23 16:32:15','2025-06-25 00:28:22'),(100,'2025-06-24',20250624154,14,860,0,860,800,60,4,3,'2025-06-23 16:33:45','2025-06-25 00:28:18'),(101,'2025-06-24',20250624155,3,450,0,450,400,50,4,3,'2025-06-23 19:43:21','2025-06-25 00:29:04'),(102,'2025-06-24',20250624156,8,1030,0,1030,1000,30,4,3,'2025-06-23 22:44:30','2025-06-24 23:56:51'),(103,'2025-06-24',20250624157,5,540,0,540,540,0,4,2,'2025-06-24 06:59:18','2025-06-25 03:47:44'),(104,'2025-06-25',20250625158,7,630,0,630,630,0,4,2,'2025-06-24 23:57:05','2025-06-25 03:47:49'),(105,'2025-06-25',20250625159,8,180,0,180,180,0,4,2,'2025-06-25 00:11:54','2025-06-25 03:36:04'),(107,'2025-06-25',20250625161,5,950,NULL,NULL,NULL,NULL,4,1,'2025-06-25 00:12:19','2025-06-25 03:15:00'),(108,'2025-06-25',20250625162,12,320,NULL,NULL,NULL,NULL,3,1,'2025-06-25 00:24:49','2025-06-25 03:15:22'),(109,'2025-06-25',20250625163,11,1800,NULL,NULL,NULL,NULL,3,1,'2025-06-25 03:09:38','2025-06-25 03:14:45'),(110,'2025-06-25',20250625164,10,1400,NULL,NULL,NULL,NULL,2,1,'2025-06-25 03:09:47','2025-06-25 03:43:07');
/*!40000 ALTER TABLE `orders` ENABLE KEYS */;
UNLOCK TABLES;
DROP TABLE IF EXISTS `password_resets`;
/*!40101 SET @saved_cs_client     = @@character_set_client */;
/*!50503 SET character_set_client = utf8mb4 */;
CREATE TABLE `password_resets` (
  `email` varchar(255) NOT NULL,
  `token` varchar(255) NOT NULL,
  `created_at` timestamp NULL DEFAULT NULL,
  KEY `password_resets_email_index` (`email`)
) ENGINE=InnoDB DEFAULT CHARSET=utf8mb4 COLLATE=utf8mb4_unicode_ci;
/*!40101 SET character_set_client = @saved_cs_client */;

LOCK TABLES `password_resets` WRITE;
/*!40000 ALTER TABLE `password_resets` DISABLE KEYS */;
/*!40000 ALTER TABLE `password_resets` ENABLE KEYS */;
UNLOCK TABLES;
DROP TABLE IF EXISTS `personal_access_tokens`;
/*!40101 SET @saved_cs_client     = @@character_set_client */;
/*!50503 SET character_set_client = utf8mb4 */;
CREATE TABLE `personal_access_tokens` (
  `id` bigint(20) unsigned NOT NULL AUTO_INCREMENT,
  `tokenable_type` varchar(255) NOT NULL,
  `tokenable_id` bigint(20) unsigned NOT NULL,
  `name` varchar(255) NOT NULL,
  `token` varchar(64) NOT NULL,
  `abilities` text DEFAULT NULL,
  `last_used_at` timestamp NULL DEFAULT NULL,
  `created_at` timestamp NULL DEFAULT NULL,
  `updated_at` timestamp NULL DEFAULT NULL,
  PRIMARY KEY (`id`),
  UNIQUE KEY `personal_access_tokens_token_unique` (`token`),
  KEY `personal_access_tokens_tokenable_type_tokenable_id_index` (`tokenable_type`,`tokenable_id`)
) ENGINE=InnoDB DEFAULT CHARSET=utf8mb4 COLLATE=utf8mb4_unicode_ci;
/*!40101 SET character_set_client = @saved_cs_client */;

LOCK TABLES `personal_access_tokens` WRITE;
/*!40000 ALTER TABLE `personal_access_tokens` DISABLE KEYS */;
/*!40000 ALTER TABLE `personal_access_tokens` ENABLE KEYS */;
UNLOCK TABLES;
DROP TABLE IF EXISTS `tables`;
/*!40101 SET @saved_cs_client     = @@character_set_client */;
/*!50503 SET character_set_client = utf8mb4 */;
CREATE TABLE `tables` (
  `id` bigint(20) unsigned NOT NULL AUTO_INCREMENT,
  `tName` varchar(255) NOT NULL,
  `status` int(11) NOT NULL,
  `remark` varchar(255) DEFAULT NULL,
  `created_at` timestamp NULL DEFAULT NULL,
  `updated_at` timestamp NULL DEFAULT NULL,
  PRIMARY KEY (`id`),
  UNIQUE KEY `tables_tname_unique` (`tName`)
) ENGINE=InnoDB AUTO_INCREMENT=19 DEFAULT CHARSET=utf8mb4 COLLATE=utf8mb4_unicode_ci;
/*!40101 SET character_set_client = @saved_cs_client */;

LOCK TABLES `tables` WRITE;
/*!40000 ALTER TABLE `tables` DISABLE KEYS */;
INSERT INTO `tables` VALUES (1,'N3C',1,'N/A','2025-06-12 21:05:52','2025-06-23 01:13:50'),(3,'N3B',1,'N/A','2025-06-12 21:06:18','2025-06-25 03:45:12'),(4,'N3A',1,'N/A','2025-06-12 21:06:31','2025-06-25 03:38:28'),(5,'N3D',3,'N/A','2025-06-12 21:12:37','2025-06-25 00:12:19'),(7,'S2A',1,'N/A','2025-06-12 21:30:13','2025-06-25 03:42:47'),(8,'S2B',1,'N/A','2025-06-12 21:30:23','2025-06-25 03:36:04'),(9,'S2C',2,'N/A','2025-06-12 21:30:32','2025-06-17 21:58:18'),(10,'S2D',3,'N/A','2025-06-12 21:45:09','2025-06-25 03:09:47'),(11,'N2A',3,'N/A','2025-06-13 21:32:15','2025-06-25 03:09:38'),(12,'N2B',3,'N/A','2025-06-13 21:32:22','2025-06-25 00:24:49'),(13,'N2C',1,'N/A','2025-06-13 21:32:29','2025-06-25 03:31:01'),(14,'N2D',1,'N/A','2025-06-13 21:32:35','2025-06-23 16:34:27'),(15,'S3A',1,'N/A','2025-06-17 22:16:07','2025-06-22 17:49:07'),(16,'S3B',1,'N/A','2025-06-17 22:16:17','2025-06-22 17:49:11'),(17,'S3C',1,'N/A','2025-06-17 22:16:25','2025-06-22 17:49:14'),(18,'S3D',1,'N/A','2025-06-17 22:16:33','2025-06-17 22:16:33');
/*!40000 ALTER TABLE `tables` ENABLE KEYS */;
UNLOCK TABLES;
DROP TABLE IF EXISTS `users`;
/*!40101 SET @saved_cs_client     = @@character_set_client */;
/*!50503 SET character_set_client = utf8mb4 */;
CREATE TABLE `users` (
  `id` bigint(20) unsigned NOT NULL AUTO_INCREMENT,
  `name` varchar(255) NOT NULL,
  `email` varchar(255) NOT NULL,
  `email_verified_at` timestamp NULL DEFAULT NULL,
  `password` varchar(255) NOT NULL,
  `remember_token` varchar(100) DEFAULT NULL,
  `created_at` timestamp NULL DEFAULT NULL,
  `updated_at` timestamp NULL DEFAULT NULL,
  PRIMARY KEY (`id`),
  UNIQUE KEY `users_email_unique` (`email`)
) ENGINE=InnoDB DEFAULT CHARSET=utf8mb4 COLLATE=utf8mb4_unicode_ci;
/*!40101 SET character_set_client = @saved_cs_client */;

LOCK TABLES `users` WRITE;
/*!40000 ALTER TABLE `users` DISABLE KEYS */;
/*!40000 ALTER TABLE `users` ENABLE KEYS */;
UNLOCK TABLES;
/*!40103 SET TIME_ZONE=@OLD_TIME_ZONE */;

/*!40101 SET SQL_MODE=@OLD_SQL_MODE */;
/*!40014 SET FOREIGN_KEY_CHECKS=@OLD_FOREIGN_KEY_CHECKS */;
/*!40014 SET UNIQUE_CHECKS=@OLD_UNIQUE_CHECKS */;
/*!40101 SET CHARACTER_SET_CLIENT=@OLD_CHARACTER_SET_CLIENT */;
/*!40101 SET CHARACTER_SET_RESULTS=@OLD_CHARACTER_SET_RESULTS */;
/*!40101 SET COLLATION_CONNECTION=@OLD_COLLATION_CONNECTION */;
/*!40111 SET SQL_NOTES=@OLD_SQL_NOTES */;

