-- phpMyAdmin SQL Dump
-- version 5.2.1
-- https://www.phpmyadmin.net/
--
-- Host: localhost
-- Generation Time: Jun 22, 2025 at 03:30 PM
-- Server version: 10.4.32-MariaDB
-- PHP Version: 8.2.12

SET SQL_MODE = "NO_AUTO_VALUE_ON_ZERO";
START TRANSACTION;
SET time_zone = "+00:00";


/*!40101 SET @OLD_CHARACTER_SET_CLIENT=@@CHARACTER_SET_CLIENT */;
/*!40101 SET @OLD_CHARACTER_SET_RESULTS=@@CHARACTER_SET_RESULTS */;
/*!40101 SET @OLD_COLLATION_CONNECTION=@@COLLATION_CONNECTION */;
/*!40101 SET NAMES utf8mb4 */;

--
-- Database: `rmsdb`
--

-- --------------------------------------------------------

--
-- Table structure for table `admins`
--

CREATE TABLE `admins` (
  `id` bigint(20) UNSIGNED NOT NULL,
  `name` varchar(255) NOT NULL,
  `email` varchar(255) NOT NULL,
  `password` varchar(255) NOT NULL,
  `created_at` timestamp NULL DEFAULT NULL,
  `updated_at` timestamp NULL DEFAULT NULL
) ENGINE=InnoDB DEFAULT CHARSET=utf8mb4 COLLATE=utf8mb4_unicode_ci;

--
-- Dumping data for table `admins`
--

INSERT INTO `admins` (`id`, `name`, `email`, `password`, `created_at`, `updated_at`) VALUES
(1, 'samim', 'samim@gmail.com', '$2y$10$wKC61DMpRiv/YPTV9QPcPeaeYbYU899vQ62kYOzGELXGQ8PDBTGTa', NULL, NULL),
(2, 'samim2', 'samim2@gmail.com', '$2y$10$wKC61DMpRiv/YPTV9QPcPeaeYbYU899vQ62kYOzGELXGQ8PDBTGTa', NULL, NULL);

-- --------------------------------------------------------

--
-- Table structure for table `carts`
--

CREATE TABLE `carts` (
  `id` bigint(20) UNSIGNED NOT NULL,
  `reg` bigint(20) UNSIGNED NOT NULL,
  `date` date NOT NULL,
  `userId` int(11) NOT NULL,
  `foodId` int(11) NOT NULL,
  `quantity` int(11) NOT NULL DEFAULT 1,
  `price` int(10) UNSIGNED NOT NULL,
  `created_at` timestamp NULL DEFAULT NULL,
  `updated_at` timestamp NULL DEFAULT NULL
) ENGINE=InnoDB DEFAULT CHARSET=utf8mb4 COLLATE=utf8mb4_unicode_ci;

--
-- Dumping data for table `carts`
--

INSERT INTO `carts` (`id`, `reg`, `date`, `userId`, `foodId`, `quantity`, `price`, `created_at`, `updated_at`) VALUES
(28, 2025061711, '2025-06-17', 1, 6, 1, 450, '2025-06-17 04:18:19', '2025-06-17 04:18:19'),
(29, 2025061711, '2025-06-17', 1, 7, 2, 850, '2025-06-17 04:18:20', '2025-06-17 04:18:23'),
(30, 2025061711, '2025-06-17', 1, 9, 2, 180, '2025-06-17 04:18:21', '2025-06-17 04:18:23'),
(31, 2025061712, '2025-06-17', 1, 7, 3, 850, '2025-06-17 04:19:19', '2025-06-17 04:19:21'),
(32, 2025061713, '2025-06-17', 1, 9, 1, 180, '2025-06-17 04:33:42', '2025-06-17 04:33:42'),
(33, 2025061713, '2025-06-17', 1, 12, 2, 320, '2025-06-17 04:33:43', '2025-06-17 04:33:46'),
(34, 2025061714, '2025-06-17', 1, 9, 2, 180, '2025-06-17 04:34:25', '2025-06-17 04:34:27'),
(35, 2025061714, '2025-06-17', 1, 6, 1, 450, '2025-06-17 04:34:26', '2025-06-17 04:34:26'),
(36, 2025061715, '2025-06-17', 1, 13, 1, 180, '2025-06-17 04:34:31', '2025-06-17 04:34:31'),
(50, 2025061716, '2025-06-17', 1, 6, 1, 450, '2025-06-17 06:44:01', '2025-06-17 06:55:30'),
(51, 2025061716, '2025-06-17', 1, 7, 1, 850, '2025-06-17 06:44:02', '2025-06-17 07:09:09'),
(52, 2025061716, '2025-06-17', 1, 12, 1, 320, '2025-06-17 06:52:18', '2025-06-17 07:09:09'),
(53, 2025061816, '2025-06-18', 1, 8, 4, 450, '2025-06-18 00:04:27', '2025-06-18 00:49:17'),
(54, 2025061816, '2025-06-18', 1, 9, 4, 180, '2025-06-18 00:04:29', '2025-06-18 00:49:19'),
(66, 2025061817, '2025-06-18', 1, 8, 3, 450, '2025-06-18 00:59:54', '2025-06-18 00:59:57'),
(90, 2025061818, '2025-06-18', 1, 6, 6, 450, '2025-06-18 03:08:45', '2025-06-18 03:08:49'),
(91, 2025061819, '2025-06-18', 1, 6, 2, 450, '2025-06-18 03:28:51', '2025-06-18 03:28:55'),
(92, 2025061819, '2025-06-18', 1, 11, 2, 230, '2025-06-18 03:28:52', '2025-06-18 03:28:55'),
(93, 20250618110, '2025-06-18', 1, 8, 3, 450, '2025-06-18 03:39:10', '2025-06-18 03:39:15'),
(94, 20250618110, '2025-06-18', 1, 9, 3, 180, '2025-06-18 03:39:11', '2025-06-18 03:39:14'),
(95, 20250618110, '2025-06-18', 1, 7, 3, 850, '2025-06-18 03:39:12', '2025-06-18 03:39:16'),
(96, 20250618111, '2025-06-18', 1, 7, 3, 850, '2025-06-18 03:58:01', '2025-06-18 03:58:04'),
(97, 20250618111, '2025-06-18', 1, 11, 3, 230, '2025-06-18 03:58:02', '2025-06-18 03:58:05'),
(98, 20250618112, '2025-06-18', 1, 6, 1, 450, '2025-06-18 03:58:24', '2025-06-18 03:58:24'),
(99, 20250618112, '2025-06-18', 1, 9, 1, 180, '2025-06-18 03:58:33', '2025-06-18 03:58:33'),
(100, 20250618113, '2025-06-18', 1, 6, 3, 450, '2025-06-18 04:13:04', '2025-06-18 04:13:50'),
(101, 20250618113, '2025-06-18', 1, 9, 2, 180, '2025-06-18 04:13:44', '2025-06-18 04:13:49'),
(102, 20250618113, '2025-06-18', 1, 7, 2, 850, '2025-06-18 04:13:45', '2025-06-18 04:13:49'),
(103, 20250619114, '2025-06-19', 1, 8, 2, 450, '2025-06-18 22:05:20', '2025-06-18 22:05:26'),
(104, 20250619114, '2025-06-19', 1, 11, 2, 230, '2025-06-18 22:05:21', '2025-06-18 22:05:25'),
(105, 20250619114, '2025-06-19', 1, 12, 3, 320, '2025-06-18 22:05:22', '2025-06-18 22:05:27'),
(106, 20250619115, '2025-06-19', 1, 7, 1, 850, '2025-06-18 22:05:30', '2025-06-18 22:05:30'),
(107, 20250619115, '2025-06-19', 1, 6, 2, 450, '2025-06-18 22:05:30', '2025-06-18 22:05:35'),
(108, 20250619116, '2025-06-19', 1, 8, 1, 450, '2025-06-18 22:52:22', '2025-06-18 22:52:22'),
(109, 20250619116, '2025-06-19', 1, 9, 3, 180, '2025-06-18 22:52:23', '2025-06-18 23:59:23'),
(110, 20250619116, '2025-06-19', 1, 7, 3, 850, '2025-06-18 23:59:21', '2025-06-18 23:59:24'),
(111, 20250619116, '2025-06-19', 1, 6, 1, 450, '2025-06-18 23:59:22', '2025-06-18 23:59:22'),
(112, 20250619117, '2025-06-19', 1, 7, 1, 850, '2025-06-19 00:35:32', '2025-06-19 00:35:32'),
(113, 20250619117, '2025-06-19', 1, 8, 1, 450, '2025-06-19 00:35:34', '2025-06-19 00:35:34'),
(114, 20250619117, '2025-06-19', 1, 9, 1, 180, '2025-06-19 00:35:34', '2025-06-19 00:35:34'),
(115, 20250619218, '2025-06-19', 2, 8, 1, 450, '2025-06-19 03:18:04', '2025-06-19 03:18:04'),
(116, 20250619218, '2025-06-19', 2, 11, 2, 230, '2025-06-19 03:18:05', '2025-06-19 03:18:09'),
(117, 20250619218, '2025-06-19', 2, 7, 1, 850, '2025-06-19 03:18:06', '2025-06-19 03:18:06'),
(118, 20250619218, '2025-06-19', 2, 6, 2, 450, '2025-06-19 03:18:07', '2025-06-19 03:18:09'),
(119, 20250619219, '2025-06-19', 2, 8, 2, 450, '2025-06-19 04:12:48', '2025-06-19 04:12:52'),
(120, 20250619219, '2025-06-19', 2, 6, 2, 450, '2025-06-19 04:12:49', '2025-06-19 04:12:51'),
(121, 20250619220, '2025-06-19', 2, 12, 2, 320, '2025-06-19 04:12:54', '2025-06-19 04:12:58'),
(122, 20250619220, '2025-06-19', 2, 13, 1, 180, '2025-06-19 04:12:55', '2025-06-19 04:12:55'),
(123, 20250619221, '2025-06-19', 2, 8, 4, 450, '2025-06-19 05:39:05', '2025-06-19 05:39:10'),
(124, 20250619221, '2025-06-19', 2, 6, 4, 450, '2025-06-19 05:39:06', '2025-06-19 05:39:11'),
(125, 20250619221, '2025-06-19', 2, 7, 4, 850, '2025-06-19 05:39:07', '2025-06-19 05:39:12'),
(126, 20250619221, '2025-06-19', 2, 11, 4, 230, '2025-06-19 05:39:08', '2025-06-19 05:39:13'),
(127, 20250619222, '2025-06-19', 2, 7, 3, 850, '2025-06-19 06:15:32', '2025-06-19 06:15:35'),
(128, 20250619222, '2025-06-19', 2, 6, 3, 450, '2025-06-19 06:15:33', '2025-06-19 06:15:36'),
(129, 20250619223, '2025-06-19', 2, 8, 1, 450, '2025-06-19 07:16:52', '2025-06-19 07:16:52'),
(130, 20250619223, '2025-06-19', 2, 9, 1, 180, '2025-06-19 07:16:53', '2025-06-19 07:16:53'),
(131, 20250622124, '2025-06-22', 1, 9, 3, 180, '2025-06-22 01:02:29', '2025-06-22 01:02:35'),
(132, 20250622124, '2025-06-22', 1, 11, 3, 230, '2025-06-22 01:02:30', '2025-06-22 01:02:33'),
(133, 20250622124, '2025-06-22', 1, 13, 3, 180, '2025-06-22 01:02:31', '2025-06-22 01:02:34'),
(134, 20250622124, '2025-06-22', 1, 6, 3, 450, '2025-06-22 01:02:32', '2025-06-22 01:02:34'),
(135, 20250622125, '2025-06-22', 1, 7, 1, 850, '2025-06-22 01:06:15', '2025-06-22 01:06:15'),
(136, 20250622126, '2025-06-22', 1, 8, 1, 450, '2025-06-22 01:08:03', '2025-06-22 01:08:03'),
(137, 20250622126, '2025-06-22', 1, 9, 1, 180, '2025-06-22 01:08:05', '2025-06-22 01:08:05'),
(138, 20250622127, '2025-06-22', 1, 7, 1, 850, '2025-06-22 01:56:07', '2025-06-22 01:56:07'),
(139, 20250622127, '2025-06-22', 1, 6, 1, 450, '2025-06-22 01:56:08', '2025-06-22 01:56:08'),
(140, 20250622128, '2025-06-22', 1, 6, 1, 450, '2025-06-22 02:01:50', '2025-06-22 02:01:50'),
(141, 20250622128, '2025-06-22', 1, 7, 1, 850, '2025-06-22 02:01:50', '2025-06-22 02:01:50'),
(142, 20250622129, '2025-06-22', 1, 8, 1, 450, '2025-06-22 02:04:45', '2025-06-22 02:04:45'),
(143, 20250622130, '2025-06-22', 1, 7, 1, 850, '2025-06-22 02:05:08', '2025-06-22 02:05:08'),
(144, 20250622131, '2025-06-22', 1, 7, 1, 850, '2025-06-22 02:12:09', '2025-06-22 02:12:09'),
(145, 20250622131, '2025-06-22', 1, 8, 1, 450, '2025-06-22 02:12:10', '2025-06-22 02:12:10'),
(146, 20250622132, '2025-06-22', 1, 7, 1, 850, '2025-06-22 02:26:51', '2025-06-22 02:26:51'),
(147, 20250622133, '2025-06-22', 1, 7, 1, 850, '2025-06-22 03:04:06', '2025-06-22 03:04:06'),
(148, 20250622133, '2025-06-22', 1, 11, 1, 230, '2025-06-22 03:04:16', '2025-06-22 03:04:16'),
(149, 20250622134, '2025-06-22', 1, 6, 1, 450, '2025-06-22 03:04:35', '2025-06-22 03:04:35'),
(150, 20250622134, '2025-06-22', 1, 9, 1, 180, '2025-06-22 03:04:36', '2025-06-22 03:04:36'),
(151, 20250622134, '2025-06-22', 1, 13, 1, 180, '2025-06-22 03:04:37', '2025-06-22 03:04:37'),
(152, 20250622135, '2025-06-22', 1, 8, 1, 450, '2025-06-22 03:04:40', '2025-06-22 03:04:40'),
(153, 20250622135, '2025-06-22', 1, 6, 1, 450, '2025-06-22 03:04:41', '2025-06-22 03:04:41'),
(154, 20250622135, '2025-06-22', 1, 12, 1, 320, '2025-06-22 03:04:41', '2025-06-22 03:04:41'),
(155, 20250622135, '2025-06-22', 1, 13, 1, 180, '2025-06-22 03:04:42', '2025-06-22 03:04:42'),
(156, 20250622136, '2025-06-22', 1, 11, 1, 230, '2025-06-22 03:04:47', '2025-06-22 03:04:47'),
(157, 20250622136, '2025-06-22', 1, 6, 1, 450, '2025-06-22 03:04:47', '2025-06-22 03:04:47'),
(158, 20250622136, '2025-06-22', 1, 7, 1, 850, '2025-06-22 03:04:48', '2025-06-22 03:04:48'),
(159, 20250622137, '2025-06-22', 1, 13, 1, 180, '2025-06-22 03:04:52', '2025-06-22 03:04:52'),
(160, 20250622137, '2025-06-22', 1, 12, 1, 320, '2025-06-22 03:04:52', '2025-06-22 03:04:52'),
(161, 20250622138, '2025-06-22', 1, 13, 1, 180, '2025-06-22 03:04:55', '2025-06-22 03:04:55'),
(162, 20250622138, '2025-06-22', 1, 12, 1, 320, '2025-06-22 03:04:56', '2025-06-22 03:04:56'),
(163, 20250622139, '2025-06-22', 1, 8, 2, 450, '2025-06-22 03:25:46', '2025-06-22 03:25:57'),
(164, 20250622139, '2025-06-22', 1, 9, 2, 180, '2025-06-22 03:25:48', '2025-06-22 03:25:57'),
(165, 20250622139, '2025-06-22', 1, 6, 2, 450, '2025-06-22 03:25:50', '2025-06-22 03:25:59'),
(169, 20250622140, '2025-06-22', 1, 13, 3, 180, '2025-06-22 03:53:44', '2025-06-22 03:54:03'),
(170, 20250622140, '2025-06-22', 1, 12, 3, 320, '2025-06-22 03:53:46', '2025-06-22 03:54:04'),
(181, 20250622141, '2025-06-22', 1, 13, 3, 180, '2025-06-22 04:21:53', '2025-06-22 04:22:00'),
(182, 20250622141, '2025-06-22', 1, 12, 3, 320, '2025-06-22 04:21:54', '2025-06-22 04:22:00'),
(184, 20250622142, '2025-06-22', 1, 9, 1, 180, '2025-06-22 06:18:19', '2025-06-22 06:18:19'),
(185, 20250622142, '2025-06-22', 1, 13, 1, 180, '2025-06-22 06:23:18', '2025-06-22 06:23:18'),
(186, 20250622142, '2025-06-22', 1, 12, 1, 320, '2025-06-22 06:24:13', '2025-06-22 06:24:13'),
(188, 20250622143, '2025-06-22', 1, 13, 1, 180, '2025-06-22 06:25:18', '2025-06-22 06:25:18'),
(189, 20250622144, '2025-06-22', 1, 13, 2, 180, '2025-06-22 06:34:43', '2025-06-22 06:35:09'),
(190, 20250622144, '2025-06-22', 1, 11, 2, 230, '2025-06-22 06:35:02', '2025-06-22 06:35:08');

-- --------------------------------------------------------

--
-- Table structure for table `failed_jobs`
--

CREATE TABLE `failed_jobs` (
  `id` bigint(20) UNSIGNED NOT NULL,
  `uuid` varchar(255) NOT NULL,
  `connection` text NOT NULL,
  `queue` text NOT NULL,
  `payload` longtext NOT NULL,
  `exception` longtext NOT NULL,
  `failed_at` timestamp NOT NULL DEFAULT current_timestamp()
) ENGINE=InnoDB DEFAULT CHARSET=utf8mb4 COLLATE=utf8mb4_unicode_ci;

-- --------------------------------------------------------

--
-- Table structure for table `food`
--

CREATE TABLE `food` (
  `id` bigint(20) UNSIGNED NOT NULL,
  `name` varchar(255) NOT NULL,
  `price` int(11) NOT NULL,
  `category` varchar(255) NOT NULL,
  `stock` int(11) NOT NULL,
  `status` int(11) NOT NULL,
  `image` varchar(255) NOT NULL,
  `ingredients` varchar(255) NOT NULL,
  `remark` varchar(255) NOT NULL,
  `created_at` timestamp NULL DEFAULT NULL,
  `updated_at` timestamp NULL DEFAULT NULL
) ENGINE=InnoDB DEFAULT CHARSET=utf8mb4 COLLATE=utf8mb4_unicode_ci;

--
-- Dumping data for table `food`
--

INSERT INTO `food` (`id`, `name`, `price`, `category`, `stock`, `status`, `image`, `ingredients`, `remark`, `created_at`, `updated_at`) VALUES
(6, 'Butter Chicken', 450, 'main', 14, 1, 'food-1749884892.jpg', 'Chicken, butter, tomato, cream, spices.', 'Tender chicken cooked in a creamy tomato-based sauce.', '2025-06-13 23:30:24', '2025-06-22 06:36:36'),
(7, 'Paneer Tikka Masala', 850, 'main', 16, 1, 'food-1749879095.jpg', 'Paneer, yogurt, tomato puree, onion, masala.', 'Grilled paneer cubes in a spicy tikka masala sauce.', '2025-06-13 23:31:35', '2025-06-22 03:59:25'),
(8, 'Grilled Salmon', 450, 'main', 22, 1, 'food-1749879251.jpg', 'Salmon, garlic, lemon, herbs, olive oil.', 'Fresh salmon grilled with herbs and lemon.', '2025-06-13 23:34:11', '2025-06-22 03:53:58'),
(9, 'Chicken Wings', 180, 'starter', 5, 1, 'food-1749880468.jpg', 'Chicken wings, flour, chili powder, garlic, butter, vinegar.', 'Spicy and crispy deep-fried chicken wings served with hot sauce.', '2025-06-13 23:54:28', '2025-06-22 06:18:19'),
(11, 'Vegetable Spring Rolls', 230, 'starter', 25, 1, 'food-1749885187.jpg', 'Carrot, cabbage, onion, noodles, flour wrap, soy sauce.', 'Crispy rolls stuffed with vegetables and noodles.', '2025-06-14 01:13:07', '2025-06-22 06:35:08'),
(12, 'Nachos', 320, 'starter', 25, 1, 'food-1749896193.jpg', 'Corn tortilla chips, cheddar cheese, jalapeños, salsa, sour cream.', 'Crispy tortilla chips topped with melted cheese and toppings.', '2025-06-14 04:16:33', '2025-06-22 06:25:12'),
(13, 'Garlic Bread', 180, 'starter', 32, 1, 'food-1749896253.jpg', 'Baguette, butter, garlic, parsley, olive oil.', 'Toasted bread topped with garlic butter and herbs.', '2025-06-14 04:17:33', '2025-06-22 06:35:09');

-- --------------------------------------------------------

--
-- Table structure for table `migrations`
--

CREATE TABLE `migrations` (
  `id` int(10) UNSIGNED NOT NULL,
  `migration` varchar(255) NOT NULL,
  `batch` int(11) NOT NULL
) ENGINE=InnoDB DEFAULT CHARSET=utf8mb4 COLLATE=utf8mb4_unicode_ci;

--
-- Dumping data for table `migrations`
--

INSERT INTO `migrations` (`id`, `migration`, `batch`) VALUES
(11, '2014_10_12_000000_create_users_table', 1),
(12, '2014_10_12_100000_create_password_resets_table', 1),
(13, '2019_08_19_000000_create_failed_jobs_table', 1),
(14, '2019_12_14_000001_create_personal_access_tokens_table', 1),
(15, '2025_06_13_084624_create_tables_table', 1),
(16, '2025_06_13_120026_create_food_table', 2),
(17, '2025_06_14_115756_create_admins_table', 3),
(42, '2025_06_14_122619_create_orders_table', 4),
(43, '2025_06_15_044735_create_carts_table', 4);

-- --------------------------------------------------------

--
-- Table structure for table `orders`
--

CREATE TABLE `orders` (
  `id` bigint(20) UNSIGNED NOT NULL,
  `date` date NOT NULL,
  `reg` bigint(20) UNSIGNED NOT NULL,
  `tableId` bigint(20) UNSIGNED NOT NULL,
  `total` int(10) UNSIGNED DEFAULT NULL,
  `discount` int(10) UNSIGNED DEFAULT NULL,
  `payable` int(10) UNSIGNED DEFAULT NULL,
  `pay` int(10) UNSIGNED DEFAULT NULL,
  `due` int(10) UNSIGNED DEFAULT NULL,
  `status` int(11) NOT NULL DEFAULT 0,
  `created_at` timestamp NULL DEFAULT NULL,
  `updated_at` timestamp NULL DEFAULT NULL
) ENGINE=InnoDB DEFAULT CHARSET=utf8mb4 COLLATE=utf8mb4_unicode_ci;

--
-- Dumping data for table `orders`
--

INSERT INTO `orders` (`id`, `date`, `reg`, `tableId`, `total`, `discount`, `payable`, `pay`, `due`, `status`, `created_at`, `updated_at`) VALUES
(21, '2025-06-17', 2025061711, 8, 2510, 10, 2500, 2500, 0, 2, '2025-06-17 04:18:25', '2025-06-17 04:18:40'),
(22, '2025-06-17', 2025061712, 9, 2550, 50, 2500, 2500, 0, 2, '2025-06-17 04:19:23', '2025-06-18 03:09:22'),
(23, '2025-06-17', 2025061713, 10, 820, 20, 800, 800, 0, 2, '2025-06-17 04:33:48', '2025-06-18 00:50:09'),
(24, '2025-06-17', 2025061714, 5, 810, 10, 800, 800, 0, 2, '2025-06-17 04:34:29', '2025-06-17 04:58:41'),
(25, '2025-06-17', 2025061715, 14, 180, 0, 180, 180, 0, 2, '2025-06-17 04:34:35', '2025-06-18 00:50:13'),
(26, '2025-06-18', 2025061816, 4, 2520, 20, 2500, 2500, 0, 2, '2025-06-18 00:49:22', '2025-06-18 00:49:46'),
(27, '2025-06-18', 2025061817, 5, 1350, 0, 1350, 1350, 0, 2, '2025-06-18 01:00:03', '2025-06-18 03:08:10'),
(28, '2025-06-18', 2025061818, 8, 2700, 0, 2700, 2700, 0, 2, '2025-06-18 03:08:50', '2025-06-18 03:09:05'),
(29, '2025-06-18', 2025061819, 11, 1360, 0, 1360, 1360, 0, 2, '2025-06-18 03:28:57', '2025-06-18 03:31:31'),
(30, '2025-06-18', 20250618110, 7, 4440, 240, 4200, 4200, 0, 2, '2025-06-18 03:39:18', '2025-06-18 22:09:33'),
(31, '2025-06-18', 20250618111, 5, 3240, 0, 3240, 3240, 0, 2, '2025-06-18 03:58:07', '2025-06-18 22:06:25'),
(32, '2025-06-18', 20250618112, 8, 630, 30, 600, 600, 0, 2, '2025-06-18 03:58:37', '2025-06-18 22:06:11'),
(33, '2025-06-18', 20250618113, 12, 3410, 0, 3410, 3410, 0, 2, '2025-06-18 04:13:52', '2025-06-18 22:06:20'),
(34, '2025-06-19', 20250619114, 7, 2320, 40, 2280, 2280, 0, 2, '2025-06-18 22:05:28', '2025-06-19 00:35:20'),
(35, '2025-06-19', 20250619115, 11, 1750, 50, 1700, 1700, 0, 2, '2025-06-18 22:05:35', '2025-06-18 23:56:49'),
(36, '2025-06-19', 20250619116, 8, 3990, 490, 3500, 3500, 0, 2, '2025-06-18 23:59:28', '2025-06-19 00:03:39'),
(38, '2025-06-19', 20250619117, 3, 1480, 0, 1480, 1480, 0, 2, '2025-06-19 00:35:38', '2025-06-19 06:14:46'),
(39, '2025-06-19', 20250619218, 7, 2660, 0, 2660, 2660, 0, 2, '2025-06-19 03:18:11', '2025-06-19 04:12:38'),
(40, '2025-06-19', 20250619219, 5, 1800, 0, 1800, 1800, 0, 2, '2025-06-19 04:12:53', '2025-06-22 01:03:06'),
(41, '2025-06-19', 20250619220, 4, 820, 0, 820, 820, 0, 2, '2025-06-19 04:12:59', '2025-06-19 05:10:40'),
(42, '2025-06-19', 20250619221, 3, 7920, 0, 7920, 7920, 0, 2, '2025-06-19 05:39:14', '2025-06-19 06:13:53'),
(43, '2025-06-19', 20250619222, 11, 3900, 0, 3900, 3900, 0, 2, '2025-06-19 06:15:37', '2025-06-22 01:02:05'),
(44, '2025-06-19', 20250619223, 5, 630, 0, 630, 630, 0, 2, '2025-06-19 07:16:56', '2025-06-22 01:02:50'),
(45, '2025-06-22', 20250622124, 7, 3120, 20, 3100, 3100, 0, 2, '2025-06-22 01:02:37', '2025-06-22 01:02:58'),
(46, '2025-06-22', 20250622125, 5, 850, 0, 850, 850, 0, 2, '2025-06-22 01:06:17', '2025-06-22 01:06:28'),
(47, '2025-06-22', 20250622126, 11, 630, 0, 630, 630, 0, 2, '2025-06-22 01:08:07', '2025-06-22 01:09:44'),
(48, '2025-06-22', 20250622127, 7, 1300, 0, 1300, 1300, 0, 2, '2025-06-22 01:56:10', '2025-06-22 01:56:16'),
(49, '2025-06-22', 20250622128, 5, 1300, 0, 1300, 1300, 0, 2, '2025-06-22 02:01:52', '2025-06-22 02:05:31'),
(50, '2025-06-22', 20250622129, 7, 450, 0, 450, 450, 0, 2, '2025-06-22 02:04:48', '2025-06-22 02:05:24'),
(51, '2025-06-22', 20250622130, 7, 850, 0, 850, 850, 0, 2, '2025-06-22 02:05:11', '2025-06-22 02:05:17'),
(52, '2025-06-22', 20250622131, 4, 1300, 0, 1300, 1300, 0, 2, '2025-06-22 02:12:12', '2025-06-22 02:12:16'),
(53, '2025-06-22', 20250622132, 3, 850, 0, 850, 30, 820, 3, '2025-06-22 02:26:53', '2025-06-22 02:28:00'),
(54, '2025-06-22', 20250622133, 10, 1080, 0, 1080, 1080, 0, 2, '2025-06-22 03:04:33', '2025-06-22 06:35:37'),
(55, '2025-06-22', 20250622134, 12, 810, 10, 800, 800, 0, 2, '2025-06-22 03:04:39', '2025-06-22 04:22:40'),
(56, '2025-06-22', 20250622135, 7, 1400, 0, 1400, 1400, 0, 2, '2025-06-22 03:04:45', '2025-06-22 04:22:33'),
(57, '2025-06-22', 20250622136, 8, 1530, 0, 1530, 1530, 0, 2, '2025-06-22 03:04:51', '2025-06-22 06:24:56'),
(58, '2025-06-22', 20250622137, 5, 500, 0, 500, 500, 0, 2, '2025-06-22 03:04:55', '2025-06-22 06:24:33'),
(59, '2025-06-22', 20250622138, 13, 500, 0, 500, 500, 0, 2, '2025-06-22 03:04:59', '2025-06-22 04:22:25'),
(60, '2025-06-22', 20250622139, 14, 2160, 60, 2100, 2100, 0, 2, '2025-06-22 03:26:05', '2025-06-22 03:26:25'),
(61, '2025-06-22', 20250622140, 11, 1500, 0, 1500, 1500, 0, 2, '2025-06-22 03:54:13', '2025-06-22 04:22:18'),
(62, '2025-06-22', 20250622141, 4, 1500, 0, 1500, 1500, 0, 2, '2025-06-22 04:22:01', '2025-06-22 04:22:10'),
(63, '2025-06-22', 20250622142, 15, 680, 0, 680, 680, 0, 2, '2025-06-22 06:24:27', '2025-06-22 06:24:49'),
(64, '2025-06-22', 20250622143, 5, 180, 0, 180, 180, 0, 2, '2025-06-22 06:33:38', '2025-06-22 06:35:27'),
(65, '2025-06-22', 20250622144, 13, 820, 0, 820, 820, 0, 2, '2025-06-22 06:35:10', '2025-06-22 06:35:21');

-- --------------------------------------------------------

--
-- Table structure for table `password_resets`
--

CREATE TABLE `password_resets` (
  `email` varchar(255) NOT NULL,
  `token` varchar(255) NOT NULL,
  `created_at` timestamp NULL DEFAULT NULL
) ENGINE=InnoDB DEFAULT CHARSET=utf8mb4 COLLATE=utf8mb4_unicode_ci;

-- --------------------------------------------------------

--
-- Table structure for table `personal_access_tokens`
--

CREATE TABLE `personal_access_tokens` (
  `id` bigint(20) UNSIGNED NOT NULL,
  `tokenable_type` varchar(255) NOT NULL,
  `tokenable_id` bigint(20) UNSIGNED NOT NULL,
  `name` varchar(255) NOT NULL,
  `token` varchar(64) NOT NULL,
  `abilities` text DEFAULT NULL,
  `last_used_at` timestamp NULL DEFAULT NULL,
  `created_at` timestamp NULL DEFAULT NULL,
  `updated_at` timestamp NULL DEFAULT NULL
) ENGINE=InnoDB DEFAULT CHARSET=utf8mb4 COLLATE=utf8mb4_unicode_ci;

-- --------------------------------------------------------

--
-- Table structure for table `tables`
--

CREATE TABLE `tables` (
  `id` bigint(20) UNSIGNED NOT NULL,
  `tName` varchar(255) NOT NULL,
  `status` int(11) NOT NULL,
  `remark` varchar(255) DEFAULT NULL,
  `created_at` timestamp NULL DEFAULT NULL,
  `updated_at` timestamp NULL DEFAULT NULL
) ENGINE=InnoDB DEFAULT CHARSET=utf8mb4 COLLATE=utf8mb4_unicode_ci;

--
-- Dumping data for table `tables`
--

INSERT INTO `tables` (`id`, `tName`, `status`, `remark`, `created_at`, `updated_at`) VALUES
(1, 'N3C', 1, 'N/A', '2025-06-13 03:05:52', '2025-06-17 03:52:39'),
(3, 'N3B', 1, 'N/A', '2025-06-13 03:06:18', '2025-06-22 02:26:58'),
(4, 'N3A', 1, 'N/A', '2025-06-13 03:06:31', '2025-06-22 04:22:10'),
(5, 'N3D', 1, 'N/A', '2025-06-13 03:12:37', '2025-06-22 06:35:27'),
(7, 'S2A', 1, 'N/A', '2025-06-13 03:30:13', '2025-06-22 04:22:33'),
(8, 'S2B', 1, 'N/A', '2025-06-13 03:30:23', '2025-06-22 06:24:56'),
(9, 'S2C', 2, 'N/A', '2025-06-13 03:30:32', '2025-06-18 03:58:18'),
(10, 'S2D', 1, 'N/A', '2025-06-13 03:45:09', '2025-06-22 06:35:37'),
(11, 'N2A', 1, 'N/A', '2025-06-14 03:32:15', '2025-06-22 04:22:18'),
(12, 'N2B', 1, 'N/A', '2025-06-14 03:32:22', '2025-06-22 04:22:40'),
(13, 'N2C', 1, 'N/A', '2025-06-14 03:32:29', '2025-06-22 06:35:21'),
(14, 'N2D', 1, 'N/A', '2025-06-14 03:32:35', '2025-06-22 03:26:25'),
(15, 'S3A', 1, 'N/A', '2025-06-18 04:16:07', '2025-06-22 06:24:49'),
(16, 'S3B', 1, 'N/A', '2025-06-18 04:16:17', '2025-06-18 04:16:17'),
(17, 'S3C', 1, 'N/A', '2025-06-18 04:16:25', '2025-06-18 04:16:25'),
(18, 'S3D', 1, 'N/A', '2025-06-18 04:16:33', '2025-06-18 04:16:33');

-- --------------------------------------------------------

--
-- Table structure for table `users`
--

CREATE TABLE `users` (
  `id` bigint(20) UNSIGNED NOT NULL,
  `name` varchar(255) NOT NULL,
  `email` varchar(255) NOT NULL,
  `email_verified_at` timestamp NULL DEFAULT NULL,
  `password` varchar(255) NOT NULL,
  `remember_token` varchar(100) DEFAULT NULL,
  `created_at` timestamp NULL DEFAULT NULL,
  `updated_at` timestamp NULL DEFAULT NULL
) ENGINE=InnoDB DEFAULT CHARSET=utf8mb4 COLLATE=utf8mb4_unicode_ci;

--
-- Indexes for dumped tables
--

--
-- Indexes for table `admins`
--
ALTER TABLE `admins`
  ADD PRIMARY KEY (`id`),
  ADD UNIQUE KEY `admins_email_unique` (`email`);

--
-- Indexes for table `carts`
--
ALTER TABLE `carts`
  ADD PRIMARY KEY (`id`);

--
-- Indexes for table `failed_jobs`
--
ALTER TABLE `failed_jobs`
  ADD PRIMARY KEY (`id`),
  ADD UNIQUE KEY `failed_jobs_uuid_unique` (`uuid`);

--
-- Indexes for table `food`
--
ALTER TABLE `food`
  ADD PRIMARY KEY (`id`);

--
-- Indexes for table `migrations`
--
ALTER TABLE `migrations`
  ADD PRIMARY KEY (`id`);

--
-- Indexes for table `orders`
--
ALTER TABLE `orders`
  ADD PRIMARY KEY (`id`);

--
-- Indexes for table `password_resets`
--
ALTER TABLE `password_resets`
  ADD KEY `password_resets_email_index` (`email`);

--
-- Indexes for table `personal_access_tokens`
--
ALTER TABLE `personal_access_tokens`
  ADD PRIMARY KEY (`id`),
  ADD UNIQUE KEY `personal_access_tokens_token_unique` (`token`),
  ADD KEY `personal_access_tokens_tokenable_type_tokenable_id_index` (`tokenable_type`,`tokenable_id`);

--
-- Indexes for table `tables`
--
ALTER TABLE `tables`
  ADD PRIMARY KEY (`id`),
  ADD UNIQUE KEY `tables_tname_unique` (`tName`);

--
-- Indexes for table `users`
--
ALTER TABLE `users`
  ADD PRIMARY KEY (`id`),
  ADD UNIQUE KEY `users_email_unique` (`email`);

--
-- AUTO_INCREMENT for dumped tables
--

--
-- AUTO_INCREMENT for table `admins`
--
ALTER TABLE `admins`
  MODIFY `id` bigint(20) UNSIGNED NOT NULL AUTO_INCREMENT, AUTO_INCREMENT=3;

--
-- AUTO_INCREMENT for table `carts`
--
ALTER TABLE `carts`
  MODIFY `id` bigint(20) UNSIGNED NOT NULL AUTO_INCREMENT, AUTO_INCREMENT=192;

--
-- AUTO_INCREMENT for table `failed_jobs`
--
ALTER TABLE `failed_jobs`
  MODIFY `id` bigint(20) UNSIGNED NOT NULL AUTO_INCREMENT;

--
-- AUTO_INCREMENT for table `food`
--
ALTER TABLE `food`
  MODIFY `id` bigint(20) UNSIGNED NOT NULL AUTO_INCREMENT, AUTO_INCREMENT=14;

--
-- AUTO_INCREMENT for table `migrations`
--
ALTER TABLE `migrations`
  MODIFY `id` int(10) UNSIGNED NOT NULL AUTO_INCREMENT, AUTO_INCREMENT=44;

--
-- AUTO_INCREMENT for table `orders`
--
ALTER TABLE `orders`
  MODIFY `id` bigint(20) UNSIGNED NOT NULL AUTO_INCREMENT, AUTO_INCREMENT=66;

--
-- AUTO_INCREMENT for table `personal_access_tokens`
--
ALTER TABLE `personal_access_tokens`
  MODIFY `id` bigint(20) UNSIGNED NOT NULL AUTO_INCREMENT;

--
-- AUTO_INCREMENT for table `tables`
--
ALTER TABLE `tables`
  MODIFY `id` bigint(20) UNSIGNED NOT NULL AUTO_INCREMENT, AUTO_INCREMENT=19;

--
-- AUTO_INCREMENT for table `users`
--
ALTER TABLE `users`
  MODIFY `id` bigint(20) UNSIGNED NOT NULL AUTO_INCREMENT;
COMMIT;

/*!40101 SET CHARACTER_SET_CLIENT=@OLD_CHARACTER_SET_CLIENT */;
/*!40101 SET CHARACTER_SET_RESULTS=@OLD_CHARACTER_SET_RESULTS */;
/*!40101 SET COLLATION_CONNECTION=@OLD_COLLATION_CONNECTION */;
